"","Question","mean_percentage"
"1","LitQ1",33.7387765957447
"2","LitQ2",56.9148936170213
"3","LitQ3",74.468085106383
"4","LitQ4",23.1382978723404
"5","LitQ5",71.0106382978723
